SEARCH,YEARS,PATTRN,HASHfile
 EOF , 2008 , EOF ,/tmp/work/e/e06218d5918614afca94d80b42e082e2f064dca26a291909e2a5b819b58fe823
 EOF , , EOF ,/tmp/work/e/e533b87af7afe2b2f93539c1d85913262955747dff52e1d24dd9ac259819351d
 EOF , 2006 , EOF ,/tmp/work/e/e50117ab27dc449b25e304874b22beb6049c071dfb839c03f292ef1c069ef905
 EOF , 2017 , EOF ,/tmp/work/e/e30bc18a3a6523cbd67feea5fe4d885df14167d6c06300df2aa82785aa9ff24c
 EOF , 2019 , EOF ,/tmp/work/e/e0728f169b10434be0e586177d370df624f0841953bbcef728fd427f2791f967
 EOF , 2017 , EOF ,/tmp/work/e/e17b9a265c2c81727db690a78d6be54f7ebc262e79628846fb86c56a7f6efb32
 EOF , 2010 , EOF ,/tmp/work/e/e5dbfff150651e048945e705936f0350b967594f4ec24dab634dfbbdde2d667f
 EOF , 2018 , EOF ,/tmp/work/e/e3f642932ec867e6f8393cbbea2d42318435c38823a1e3291021a03c1555b068
 EOF , , EOF ,/tmp/work/e/ef7327c66d1d196720e4f806cf69c6bd0c6673e129ee76c140bab3074c4e6488
 EOF , 2018 , EOF ,/tmp/work/e/e1c485debffb3b7077e08766fd1e7d74f1270b7f27dabeef093ff89d9d019cc8
 EOF , 2010 , EOF ,/tmp/work/e/ebedf258399886f16642254a22b1734a72aab9f543e69fc0938b726f3d26e1ae
 EOF , 2011 , EOF ,/tmp/work/e/e0dc2774aa403ed9bcb486875840e53a04c40ed1b8d8c07ed0759c979b315bde
 EOF , 2008 , EOF ,/tmp/work/e/e9241af00ff01150f5deee1e14cbc4b87568b9166a524c2cdccb3cf115b3fd62
 EOF , 2016 , EOF ,/tmp/work/e/e4bb486e9ec95de9b0871f6b859f0dc82d8a3d00abab68185d3de55cc86e093c
 EOF , 2004 , EOF ,/tmp/work/e/e00c7e1459b5a0e79576f2877a9c536e39269eee2586d196e825f97c5ae010b2
 EOF , , EOF ,/tmp/work/e/eccd90f8a5b38fdf8be10072349ca51694af3dc08945b99de498d4734932d0bf
 EOF , 2011 , EOF ,/tmp/work/e/eacff4c4c09282c5af368347ddf03892ef58070c4f58a97b9ea6efde77a06d2c
 EOF , 2021 , EOF ,/tmp/work/e/ec8fd443fb089b6405f07fa87ee25c155a888b7fb6c7f35caa47ecdc493ca445
 EOF , , EOF ,/tmp/work/e/e04c8091e257f4622a4864ba59f40d9ee3ea8ae3a8dd40792db4baf4e7a776a2
 EOF , 2005 , EOF ,/tmp/work/e/ec4ca7c795cfcaaf6d8d3690b7ab81ce0349d01703e7d68e54d3b7003738affe
 EOF , 2006 , EOF ,/tmp/work/e/eaa3d2789919a82b6864c2fa65ab5fe2655f5f407da00233a0aec5768c6e6b4a
 EOF , 2004 , EOF ,/tmp/work/e/e3132812095825dc5f2d9f0722f2860ac378be9423df041b65e29769bc8b6538
 EOF , 2009 , EOF ,/tmp/work/e/e541f0c418b7ac38fa661aa620f108151a0fb0ef6a015eaf71dfc4fa3882d858
 EOF , , EOF ,/tmp/work/e/ea70a6fcba6fcb39305f7f107f112818b6b05d21bb99bf85ff7c2e82b0faf7e7
 EOF , 2004 , EOF ,/tmp/work/e/e55ddfd9c192757e53fef39b539070b8e34605b3d0a27897d55bccd8f6437ad7
 EOF , 2007 , EOF ,/tmp/work/e/e1531605c745fe7a354b94a972b7eb1071d402af7bd9c11216105debe46540b5
 EOF , 2006 , EOF ,/tmp/work/e/e7755138571afbf1786ae65aa3ed4d9e3e9e0434600a317f1ef435ad443d2cd4
 EOF , 2007 , EOF ,/tmp/work/e/e8f78e62f824d8b72a7d46ca0123c66c2686ab34182aa36715975a71ec157437
 EOF , 2004 , EOF ,/tmp/work/e/e173e29abe1db2e4fa9e140cd7729c9105c829337d8afb5a1e46ec4e18757494
 EOF , 2019 , EOF ,/tmp/work/f/fc3501779caf55a93e92932728ba3861de25bc62ac1cf62549ef7c4f8f29f4e2
 EOF , , EOF ,/tmp/work/f/fbee638d5c91b4f8f9208a71d3e347e7e31335a753d38c8086dc949a3adb8ed6
 EOF , 2004 , EOF ,/tmp/work/f/fa971585091d4465113dfbce41c67d105a2c9fb1b46694c943a5efcc1e0b4790
 EOF , 2005 , EOF ,/tmp/work/f/f7792afdf164495eb10a4c26d888b43c0a84d86f5c40a16afff2df79e990db6b
 EOF , 2010 , EOF ,/tmp/work/f/f5b461c585d9a01c07f1358dff749b3d5c30c7071e08b59ed8206dddbd1d6ba3
 EOF , 2003 , EOF ,/tmp/work/f/f5753dcc2c370fd8edfc50528097297506546647f3eb43d739fdaa2b2e57eee4
 EOF , 2015 , EOF ,/tmp/work/f/fea32ad93e552a5936d37969e9615d8449527f99c3fc13a6c5730e915aabcc43
 EOF , 2007 , EOF ,/tmp/work/f/f08608d322492cb45db5557181327dff46db056d8304acde5e395f21812d1d11
 EOF , 2021 , EOF ,/tmp/work/f/fc25ea167eea4989c7a44141c26cafa6bbde4626693c50445fc1cbcdab2cefda
 EOF , 2004 , EOF ,/tmp/work/f/feb27a7603d38f9bd559da2bed06c870f0187a31460497c742e87358de8439d7
 EOF , 2019 , EOF ,/tmp/work/f/fb6063d814f049553bc5ca055a440740b1a2ee10aeee12b59401699206ff03c5
 EOF , 2016 , EOF ,/tmp/work/f/ff3e2a6f661e94a5b1a5ffe2ffa316400044234e48576b3e591adedb232fa528
 EOF , 2006 , EOF ,/tmp/work/f/faaa2a37ac926d42fa8ea3d401efb8ed2b6994703231b9c8fc5d852d62b290b7
 EOF , , EOF ,/tmp/work/f/ff4d345ea4a65398a79c73283072d6467982571d40bd7908871169df0f8fd44d
 EOF , , EOF ,/tmp/work/f/fc85f61c527ddf7e8f05dc313b08a4e1aa1be8af210af34c181b5adb2c24cac3
 EOF , 2007 , EOF ,/tmp/work/f/f72e22685aea4cf1934d295ad3c69cafbf1c59e9a427a6901efe749148ceb131
 EOF , , EOF ,/tmp/work/f/fb90a0d109d19624cf4e6df30b3aef89741942ddbac0223df4fbadeea036fad5
 EOF , 2005 , EOF ,/tmp/work/f/f09a03add51a32bff54664efed7cfc23fdd4b61e0c81c1c7a4f7cc04fd60d6a8
 EOF , 2004 , EOF ,/tmp/work/f/f328e567c605c84b9afec641d6403ce5880959a7147b6daeafc7ff4044a432e5
 EOF , 2004 , EOF ,/tmp/work/f/f546b8a2004b7fb1900cb0a700a0f5dc23bf807f1bcb23f5a65a05146b723c57
 EOF , 2013 , EOF ,/tmp/work/f/fcff6112329286deea9a14d438c554a30c6ed06835f296f5150d4893fa90030a
 EOF , 2017 , EOF ,/tmp/work/f/f6b016d3188b1b49d9ba101c389641877ff8efc433b64c22ce4397beec69c52d
 EOF , 2017 , EOF ,/tmp/work/f/fa74ea93b1219660958721aedccc8955dc5f3445ff08b68630f409016b236c90
 EOF , 2004 , EOF ,/tmp/work/f/f34e39ef3ba57bc74bfd0aeb0d707e8e57f95ec301680fb39d6e4d818c0a2d21
 EOF , , EOF ,/tmp/work/f/ff2e2f66f4f108c506cef5c34a7e1b876fa9b161b8e66958c1465fd2c314f0c3
 EOF , 2013 , EOF ,/tmp/work/f/fc7815a7887ae574ade1c4c81c797ead7549bb89f646887c7edb5b19aefe0fec
 EOF , 2008 , EOF ,/tmp/work/f/f4811b0c7ac360722abede86c9a85e7301116ce5bc3979e28d08040abf93eeb4
 EOF , 2015 , EOF ,/tmp/work/f/fb9089333be137c181c72a8905ad2f23acb01065d453e34fc987c579a333ebc5
 EOF , 2013 , EOF ,/tmp/work/0/0420ca8fd5beede210edfb62f6c90204ee8d8155acbb85c0b33c34717d86810b
 EOF , 2004 , EOF ,/tmp/work/0/0f6f46162fef2042f8ab359a9997e285e00a0bdb0fdb62cf7c3af4907446a675
 EOF , 2009 , EOF ,/tmp/work/0/05e8c9bdaae647da9b4560cd1b9e8ddd74dd194580613c9f6e3394ab4c9cf25e
 EOF , 2005 , EOF ,/tmp/work/0/046d89c58af793cc4b52c16634821166324075b42e61a28f2174ae2c1fb84843
 EOF , , EOF ,/tmp/work/0/0f4766d97c0dcc678b60d41fe1116b294ad58656eb7cb0481cc0ff03675236e0
 EOF , 2004 , EOF ,/tmp/work/0/03ed186fe845aa541392f733b5265c37bee3188258b8f42c019bda20ffb672eb
 EOF , 2004 , EOF ,/tmp/work/0/0d6179bbfbf94ad3d888da230a3b46a6bfe219d703b9f00c88bacab70838be6a
 EOF , 2017 , EOF ,/tmp/work/0/076b091931529c98cf40cadd5f784c66d777b63143895e7cbcbc8c01f104c700
 EOF , 2016 , EOF ,/tmp/work/0/05eafb7828be3319126194f045bb513136e788dda9847abcf0b25667b77a2f7c
 EOF , 2016 , EOF ,/tmp/work/0/0b48b570d52052f2d4170ccbd2582e48ad760ed6048044ae8edc348d7cc19518
 EOF , 2004 , EOF ,/tmp/work/0/0a36dd5a29f91ab4043e5d0710e88d28d31b6dad7f7716cf31eb5a25b79c6cec
 EOF , 2011 , EOF ,/tmp/work/0/0bbafb1b121eea4a50e2d8e1c7ba1f8e9816d400b2b413dfc8243c25759bff1e
 EOF , 2009 , EOF ,/tmp/work/0/025e3d35b43b0afc39ef618f2e554ffd280f49d27771eaf9727ecdcfa670c8ab
 EOF , , EOF ,/tmp/work/0/0f15204dafdc509a6b7e8b95a6b659297eb4101c15cabd78833127fb5fdac6ec
 EOF , , EOF ,/tmp/work/0/0f4c2f08147bcdaa65fc5bc40c2e180cd93a47b43179fe32f3b18d10418bc004
 EOF , 2018 , EOF ,/tmp/work/0/0d669fd3278a8e9a890a553c66ae1034b7be496e30de763fa5deab1f4773ce46
 EOF , 2015 , EOF ,/tmp/work/0/0614abccd4f9c02ce784a0aabb079aef73a593c250b35f29816aa23ee08d07a2
 EOF , 2019 2020 , EOF ,/tmp/work/0/0e75013393ed40dfab7e7734fdffcf2bdbbfd1c2e6a45f64b39cc677720fcac5
 EOF , 2004 , EOF ,/tmp/work/0/06d86087505b80acfd6451fd51fafa02c5c71ffbd75c70560cd9faffe0f5a800
 EOF , 2019 , EOF ,/tmp/work/0/0f7f813f6e289e3c38c2ac11110586d386031fd566df669d34fa298b552bc989
 EOF , , EOF ,/tmp/work/0/0141161876b5a936f16bef8bcb5128a551ee8ff2e68882c682de109f33fa53d5
 EOF , 2014 , EOF ,/tmp/work/0/0ec1e14311639475fdc5e4cad973bc0fc90f2314143c066616161870763ab08c
 EOF , 2006 , EOF ,/tmp/work/0/0edcb0beb6a306e4badb387e96d2cf6d48cc900176f9ae1d6f811cfd1857505e
 EOF , 2005 , EOF ,/tmp/work/0/07bedbcd92486e8085ac562140e9139309dc2f9083295644f8c437d78745b7e8
 EOF , 2002 , EOF ,/tmp/work/0/08c470ca41dca57d56b86de36df9c66e4b865db9700883a7641dc22c9b7c7994
 EOF , 2016 , EOF ,/tmp/work/0/0054281745436abc8e1454644f8d9e3300c4c0ac9bd2c987a2190914af70e862
 EOF , 2020 , EOF ,/tmp/work/0/00b3eeb6bd3543e3597e7bc9e0b90409a3ad1dac8216d6723b6fbc6ed0ef6c6d
 EOF , 2006 , EOF ,/tmp/work/0/03611962d64a2812e4dc294790066343541033cdc3657f9ac30dfeee8afcf5f1
 EOF , 2013 , EOF ,/tmp/work/0/0bed7e672ede37684777a5e8bd4f78fab3c2c0ef456a884f1d7977b362eb67d2
 EOF , 2015 , EOF ,/tmp/work/0/0a9c82eb84817feea7d848252b30e7abf092aab2ac02e57cfb76501b72d387d4
 EOF , 2004 , EOF ,/tmp/work/0/0e7734611f7985c74800b5686e20b4c2248d978211afdf425013d0f66ed53126
 EOF , 2004 , EOF ,/tmp/work/0/0c139878b91f9fe26476444fac3d0fd3cca3dc4d89547da9bad71a6f1b3ff765
 EOF , 2005 , EOF ,/tmp/work/0/0fa512a02142c1ee26b00dc76a9cec1aac72c537bf4a964219bf4357f8e78577
 EOF , 2015 , EOF ,/tmp/work/0/03ef86144b4e70d504db0d867f81cf1f41b97efd1f765babf9d7ae81e956e491
 EOF , , EOF ,/tmp/work/0/0d755164c4ada10d49d91672bc99acb4518f1413af79d35c9173fe1bcb335c3b
 EOF , 2008 , EOF ,/tmp/work/0/0a1443cf31d25d718f20825faee3fc635c75738748fcd3115e46aa22a0d71bac
 EOF , 2019 , EOF ,/tmp/work/0/006b9ce6c3e6d97bfd02240acec75e5d81cd4331e7ba2a3575df31f89664cd73
 EOF , 2008 , EOF ,/tmp/work/0/0e0417b1af49dd9c80d8da1ea96e6efc36d835ea73db007f301fcc4c302d3cc2
 EOF , , EOF ,/tmp/work/0/043d2313b4f44404e805f9ba2e156cb3679983bf13787552290a6e23b4411df5
 EOF , 2008 , EOF ,/tmp/work/0/00b2b8603ea3b6953c22a279f0ddac3b771d8b382d8657958a0ed81afd55e4de
 EOF , 2004 , EOF ,/tmp/work/0/04fc023b2df181273b621b6faf6775e5b2d9083b8a7ec492e5d56a56db9d2a72
 EOF , 2013 , EOF ,/tmp/work/0/00cd410f038e38178ce3722d42c433ce73474fa2fffda822afa20ca0b98a9270
 EOF , 2006 , EOF ,/tmp/work/0/0eece69c70b2cdb06d19c04d5a53e4624edb67dccdd2ab77b00825ba27959d64
 EOF , 2017 , EOF ,/tmp/work/1/158c8bfbb4807889e8d7737b75c0f17978be6e33f63dd46da298e380b4119f19
 EOF , , EOF ,/tmp/work/1/1355b8e0c5850f42d5eec434a832c449bfeff9761a1c0385f28b25160f8e1283
 EOF , , EOF ,/tmp/work/1/137990445f4c4236eb08059b34fdb062daf27cbb440e4563c6f0b0d61cb9cc29
 EOF , 2018 2017 , EOF ,/tmp/work/1/14850b03501c3885959f3c98f9c2255875b51883e1e9816ee39478bca294195d
 EOF , , EOF ,/tmp/work/1/1c2e782391a354a8291048bd08b559e04fe42abd794772cf51c8650eeed0dd5c
 EOF , , EOF ,/tmp/work/1/1afa4cedc5ea3a36738f955664d2eaf28288bbbe97612c79010fbe0e246c2880
 EOF , 2011 , EOF ,/tmp/work/1/17d5479d2a661910a185f8d31b3fc3ea610581e3d0edd3b2297429617d94fc12
 EOF , , EOF ,/tmp/work/1/1ee356b579a5ce61fea84b360030f8b42bac9cc98ac8bdebf8933e17f3d2ae35
 EOF , 2010 , EOF ,/tmp/work/1/1ed0b2bcf9975ad1f993e56c0c256febf4e1d4bd6afcce25f7c0f32be2083a6c
 EOF , 2019 , EOF ,/tmp/work/1/19014c27a91c668257006f0fae7b7cf88d12af7bb67a6c8c7d0a6dbf1c0182d6
 EOF , 2010 , EOF ,/tmp/work/1/15041ff8978ab434afd075d614a74825ce4f7f66353d2962c4fbb0a2eca6faae
 EOF , , EOF ,/tmp/work/1/175cc50436d2962963ce0c4cc94873a0bb7e3edeb08f4a73a064ed7d54fd5ea4
 EOF , , EOF ,/tmp/work/1/1d570f059e498d1cbfd6f8b9fc8a126eec641cf6a483279ba8bb70269f24dec3
 EOF , 2019 , EOF ,/tmp/work/1/11ab0041fcf841f367bfe2e1f5bd59a98cedfceb68ffbbdaa9b3da7d3727274a
 EOF , 2009 , EOF ,/tmp/work/1/1cc50e860c3f7f3961deed74f996b2d9e9aeb9fd97418db86e8cdaf2da89d611
 EOF , , EOF ,/tmp/work/1/1f8cea01b6d8e41f75c28d47e36702b7cafca083a1603d4b4fd0322aa5977ec7
 EOF , , EOF ,/tmp/work/1/192284d142b9884e74af2fe5ec697ac0fff3fc87c59551d0c31ec37baa7de568
 EOF , 2011 , EOF ,/tmp/work/1/1dd13da4bb06f041d0629804a2ca3aae08c6c9e30b33bf4384ca0525d455f80c
 EOF , 2018 , EOF ,/tmp/work/1/1534dd2501d77a655f84aad12959efa4789647d777ab5b12675280186294a5c9
 EOF , 2014 , EOF ,/tmp/work/1/18e9ac5ce615c92ec8e2838e8f8abe182f183922c9ff322a7c1edd68896c12e9
 EOF , 2013 , EOF ,/tmp/work/1/1f334b2b08b585e45edc175a70f9049c49f495a4cad592640c46569e9da3f1cf
 EOF , 2013 , EOF ,/tmp/work/1/1f3e3b6b7db8810d2d2d42b15d6c626706fae2cb053ef2ed3f65640aab4f2951
 EOF , 2017 , EOF ,/tmp/work/1/1a22b79033f4179cdd353c26496f5aae9c0beae5b6f32b39ba8c476782e82f25
 EOF , 2008 , EOF ,/tmp/work/1/165832852d87e76fcad7cf374d394f6b803bce2dfad4d44d8a93c073369a5627
 EOF , 2008 , EOF ,/tmp/work/1/1e56bbce0d0250ffbefad762c105f27a34ea1101535157f303bbbc8d2d85ebfa
 EOF , 2006 , EOF ,/tmp/work/1/1b956bb08ded09aaf1a6fc6d2373849fed9aa70c1bc981a581cf04aedd3e3b6f
 EOF , , EOF ,/tmp/work/1/151d300427d98491a764ad0b5e893e578cc2f859c6d0a5c9bc6230eaba1f8e23
 EOF , 2005 , EOF ,/tmp/work/1/1b259a11ec6388f1e54e628e47a6f62909cd5d2565356fa5c11d9592a508e7c0
 EOF , 2012 , EOF ,/tmp/work/1/17676f0ac59ba435bf5211fec6a7531485c3d65359f7793062fbaf97594f387c
 EOF , 2010 , EOF ,/tmp/work/1/16cc60e70b13042d8854eb2e917b077fbd1446b929e2e53b99f5ca61d745380b
 EOF , 2006 , EOF ,/tmp/work/1/1a5ea53dbe3a08112fd916d257cf34d4dbad5315632ffb6e1a7271724516838e
 EOF , 2005 , EOF ,/tmp/work/1/151449769dcc419a315e75eec11c352b8c0983e02d8c72e99220e7a83df69fc0
 EOF , 2021 , EOF ,/tmp/work/1/114ad7973de19ec374a0b618cc21069cafa2050fef09e3a16f9ff364fb001b33
 EOF , 2020 , EOF ,/tmp/work/1/1541559b6df9b0854faea4059723c9ebf740e3791df021abd3c4e0ab6ed256fa
 EOF , 2017 , EOF ,/tmp/work/1/185eaf1304d5af578444f650de12632e5446be225763d81b42f7ab64a58b6288
 EOF , 2019 2018 , EOF ,/tmp/work/2/28e97c36e4dfece5263483b297be4e66ef3045b41e3092a497c36c673610df17
 EOF , 2019 , EOF ,/tmp/work/2/22d1e9b9d634447d06c6e97865d098f88d36ac0d94ac5095e1e85ba1c9b8f4f1
 EOF , 2004 , EOF ,/tmp/work/2/2ffa5c0a4af6e1ef019a3575914afd013596cc9d96c3f41f91c0fe260c444e14
 EOF , 2021 , EOF ,/tmp/work/2/290bf02f1e3852f39b86cdb92364a2a9bfdab7b4179307194dc9974c27b1ca80
 EOF , 2004 , EOF ,/tmp/work/2/21ad7f4d8266463e93c392df6e4202bb0c0783b5e022ce0c8c7ed2db8b26abf5
 EOF , , EOF ,/tmp/work/2/249437b514169019a7ed487c3cca59d513077b52c6aca322c2a440139a0229e0
 EOF , 2016 , EOF ,/tmp/work/2/23510a1e822377afc9160d09131e82c7d833b4eacf7ea60ca7521e2121d857be
 EOF , , EOF ,/tmp/work/2/21682eb63aaf80be00bf8f3b110e08a26624f0044bcb414f316c8b0cb83c7798
 EOF , 2004 , EOF ,/tmp/work/2/253fdd9c123e44eb1358db661f141c493ed32624defd7787a3d05d282834d6e3
 EOF , 2005 , EOF ,/tmp/work/2/208afb10ac1f6e5127e962338de5297a061769f2bbc7b43c6a5dc41a92f9ea93
 EOF , 2010 , EOF ,/tmp/work/2/25603967b47b98c24158949ae2a27f0b31645ce299ce73b966aaeb5323776a9f
 EOF , , EOF ,/tmp/work/2/20a476f15eb0a9f6762979c962005a6c2077b7fab6d4326f1f532e6eafcc40fb
 EOF , 2019 , EOF ,/tmp/work/2/2349f81429e4330533d8ad9eb2385727b439fa899f736806f44bd6bcc8584907
 EOF , 2017 , EOF ,/tmp/work/2/28047d6fc876529b29c200a3b33fa3844b0f7157fd6693b921f83844664214af
 EOF , , EOF ,/tmp/work/2/2293885b9887b34c08fd8d0306dc7bbe0291b938c33fd9ead5cb20c69d8acac7
 EOF , 2010 , EOF ,/tmp/work/2/28d75b85006c3e6d1dc80659968ecb1834233ae0d55781e6698044d3e5185810
 EOF , 2006 , EOF ,/tmp/work/2/24603cf2b48843653e6dba81e35130f667a11818e28a835684af1699e00fe81b
 EOF , 2019 , EOF ,/tmp/work/2/2a7a421ebc94420b492c694bb3caa32e36fb3e991c0c9c2384db83c80ece3935
 EOF , 2006 , EOF ,/tmp/work/2/2a2d267c73c728b151d895e16388c5488fc903c6f2717e653393bab163744641
 EOF , 2007 , EOF ,/tmp/work/2/222d4de297e19b005b711eb9bc75afb1052c86c8bf69f7b58a0e8b4d6115773c
 EOF , 2010 , EOF ,/tmp/work/2/2768c74cf35eb8b22ef1fd5693c7ec5c7b3a3f0d11dd86abe5ff551a9615a1db
 EOF , 2006 , EOF ,/tmp/work/2/29f26a5e65b99b1e5253347140cda38c1cfe10035c5d75c1637b64c72df06d3c
 EOF , 2016 , EOF ,/tmp/work/2/203b7c422441b7148ec8707acf6faa1f702941cf501525d871655d1c57249265
 EOF , 2020 , EOF ,/tmp/work/2/2e7d842c2d44b0d2fb08d4f1531edaa477d144b5476dbd7b15c9394210832be9
 EOF , 2004 , EOF ,/tmp/work/2/200b3834a52a6e0bc6448a0bbc68bc92533c2a209ad7b12cefb5d84877353d8a
 EOF , 2009 , EOF ,/tmp/work/2/2c9b156e5b1ce9b64137633a60c29431c687a95069b7dbe54f79c3ffc1567e6f
 EOF , 2015 , EOF ,/tmp/work/2/264c75b07645506485548bdff6adb986fcbfcb5167eef5933303db3118b49466
 EOF , 2007 , EOF ,/tmp/work/2/2aa135d0c775ff0a2911eafd0c19f9563e4ebd19ea5a6d9a7ea4366f66ab4172
 EOF , 2006 , EOF ,/tmp/work/2/27935fbf0682ca5170686b81963c2c06ef9f5a9d2f1fb7d4d41fa0fb3b4ae393
 EOF , 2006 , EOF ,/tmp/work/2/2c16cd1e9567b8fec75e53258e3c64901bfc097d6b5cd103345aeaff181eb0ec
 EOF , 2006 , EOF ,/tmp/work/2/28aef0bbeb8e6dee7f1c0146539a18b6d2e25dd3587d61d9098eb74d1307611c
 EOF , 2008 , EOF ,/tmp/work/2/2b7c0952c6b0008d220bcd1d4df319d9d09774e433025bdd7e508256f4450f9d
 EOF , , EOF ,/tmp/work/3/3ba7cd1877b6e534f988fe38854da81ea914b5688ff5e5beae1071d01c385813
 EOF , 2006 , EOF ,/tmp/work/3/36d5815cae8870a4ba207b518b0cf8dd3e1d5c21aef8790c421bf72d68a78cc6
 EOF , , EOF ,/tmp/work/3/36ef6d6b9d525f10c93b9caaf1c2ee0af1459c123d818ff3267f6899c6b347f6
 EOF , 2008 , EOF ,/tmp/work/3/318649d2eaa4700102d4bb346cd1e46eaf3fefeb1f66b219e3c7e4ef30c2bfa6
 EOF , 2006 , EOF ,/tmp/work/3/3fa96525f3957ce7edf7e5c5e30f8a549098fcf4fe1b231dd5ea7de5e7f2d6c0
 EOF , 2018 , EOF ,/tmp/work/3/3fdedcb683bcccbe7c202893f6d46d2459d4652ba2ba8d7c25d25a97ca7a34aa
 EOF , 2011 , EOF ,/tmp/work/3/339e78289bf59b779c75cd9a5a2d8295db44bdd9edca3761ae0e9c281ca4af97
 EOF , 2017 , EOF ,/tmp/work/3/37be837346dac1876c0fd0ef7266b4e2640aa509904d0d2efd605e16e6f508aa
 EOF , 2016 , EOF ,/tmp/work/3/388ab1a0cd9ac96a025db8095b3c35f8fdb2f4f43f9d2b35bc8c88f781ece1d6
 EOF , 2016 , EOF ,/tmp/work/3/319ade44bbc9a468e3f8970495de65dc66561888681b941d21d7c1ade8050764
 EOF , 2020 , EOF ,/tmp/work/3/3bee3bd28cdb8241704f5d5d1a8419623117e97682d3f8dcb24ddddd691c386d
 EOF , , EOF ,/tmp/work/3/307d1eb8669157f3362713f2d1b7e2e94a6dc3188311309428d91a9bde05e59f
 EOF , 2018 , EOF ,/tmp/work/3/32364e10644f67383a06973698c6f72d14ea1499d22cc7ccd95f8182b86e82ae
 EOF , 2017 , EOF ,/tmp/work/3/3ca91f9a5521c2b12142ca98c9fae815144a8bb2df855cca5dd768be6def7993
 EOF , , EOF ,/tmp/work/3/32b65fcacb4eb410acfc1a0c825c91ec9f57649325d3dd88fe8d30704393bcf2
 EOF , 2016 , EOF ,/tmp/work/3/3cd78a07ce72a82d63766acd24399434431bdc2bab0429d17190ca5ce21a34f3
 EOF , , EOF ,/tmp/work/3/3b87701a4f1e1d49f9e567d31830e4eb5c553a595254b7c34f3d0144d34ead29
 EOF , 2007 2010 , EOF ,/tmp/work/3/3029d908911b128457bafa7b6b082534af19e0e49ae4abcbbeb1be06d0e12f83
 EOF , 2008 , EOF ,/tmp/work/3/382bd3320542078563fa0d6d8b115f8f5bad07e5ff4cec96a05899c5e5ac41cf
 EOF , 2005 , EOF ,/tmp/work/3/3a36ba392f9ea338d44116c84c358ae3e8bd4106b608f00464a1e876dc46494b
 EOF , 2017 , EOF ,/tmp/work/3/3c24cf5703bd1ee632851154ac9db7ae162a104c8dd1e2b3c18bf30c76f2817f
 EOF , 2005 , EOF ,/tmp/work/3/3e855331d7f3779158b44cce9e68c675695877352d88c8001851a87d626b3569
 EOF , , EOF ,/tmp/work/3/3a05ae7861bd33fc0b3abcf0d8d3844fdf16a710b3e76f604596528c2137c3f9
 EOF , 2017 , EOF ,/tmp/work/3/33df87c136f80f9e2c5b275ec6531a6a3df44adcb0c24eae7301427e6c1e1342
 EOF , 2008 , EOF ,/tmp/work/3/337627cce0acfab28b90d4f6f96b06a4927aa8d8048eb69bf9a10c0b21e45254
 EOF , 2008 , EOF ,/tmp/work/3/32d68c9218ae885ace9bb4a17cfe61b5043cfd1a5475b9c55890dc371d3ad743
 EOF , 2006 , EOF ,/tmp/work/3/3bad0ae43bee263be843b662ab7261f59a32cc2ea4e3d3bf6ecc6784e30725c1
 EOF , 2012 , EOF ,/tmp/work/3/346acee55af72b41020f3850b6aef737f3540712d5c42b68df5b96f020f7bd41
 EOF , 2008 , EOF ,/tmp/work/3/378c6235f5fceb37500d3108896294a36f304e083b7ffa551cdde22de6e42a74
 EOF , 2004 , EOF ,/tmp/work/3/3964f3dbed4f1765a2180d41a65cc319728b9b02daa5a43ac9547d1ca8089055
 EOF , 2006 , EOF ,/tmp/work/3/39524be3bdc907bcb923b972c45a341726a45ae46e769f38ef7cf00513266c91
 EOF , , EOF ,/tmp/work/3/3c48e89097b47df9b9dde20b782d75717e4062fcc439ea8469bfa45b5eda8210
 EOF , 2020 , EOF ,/tmp/work/3/38efc2bdeb3bae3b042304b56b22a1138189296562f67ea4df44945ec0ae008b
 EOF , 2016 , EOF ,/tmp/work/3/38280c4b27b724cceb7bdf5dd2f804732d7f7f48c91a2e9ad575126cde0a5e91
 EOF , 2018 , EOF ,/tmp/work/3/35d602ea7595bbdc1feaf4641611f714c499bb9fa266df588d80e59fb1d36fc2
 EOF , 2006 , EOF ,/tmp/work/3/320a8a4cac56e60b03a1e911f2063f6e3005112073c85de31e5b0381c77fe528
 EOF , 2019 2018 2013 , EOF ,/tmp/work/3/341dcbb82ea7b9e2073a4fd9622b666b3f8ee4842e1947ba58b76765425fbac1
 EOF , , EOF ,/tmp/work/3/310a9b4f785b796aea48bf1c0f098360ffc91cb9254f6a2fd0b0daaad504e09e
 EOF , 2004 , EOF ,/tmp/work/3/3e2b9b3e42bd67c25952362cfcefe48d8fa5b03d2d9bfdfc654b959246850b9f
 EOF , 2005 , EOF ,/tmp/work/3/3fe297159a0019a06f871867afe8ec0f237dbd544e94f7a4baa65eb11ec01090
 EOF , 2007 , EOF ,/tmp/work/3/3d88f632f45f8bb1156eeee10cb0acdaeca18b321e11b40bf7031e3618be659c
 EOF , 1999 , EOF ,/tmp/work/3/37149588dd15d7a9b27b6b86e3645e708d2af8515b528267f8ed25312e5cb525
 EOF , 2004 , EOF ,/tmp/work/4/4609cead3c29fb31d91200fa085c8c4ef7646bf6f78ef10b8d64c58b1164ea8e
 EOF , 2007 , EOF ,/tmp/work/4/481d3f340ace8b6cd7b3ae8c8b30e21ceefe190630992d4911ef6a15ad618f03
 EOF , 2010 , EOF ,/tmp/work/4/48177f74095689a3dba7809655e1a8abe9e7938a50a1ea12eef780b74872eb27
 EOF , 2020 , EOF ,/tmp/work/4/4479fceb220087ccf0a09370ccbd7ef118d69e1d94f10243b5f074191ff003d3
 EOF , 2009 , EOF ,/tmp/work/4/49636bc6c3348de0245879297ff2d867fa9c5dff1e09581dbac5cf8132bae2e2
 EOF , 2019 , EOF ,/tmp/work/4/49ef25bf69d70e7e057f71c07fb4054b2c20ff6267fac070c9188831c091b8f7
 EOF , 2016 , EOF ,/tmp/work/4/489e9a81bdd41488771c9c44fc1f3c95daf2daacfd128e5056ffb03515fa2bfd
 EOF , , EOF ,/tmp/work/4/44ed809d8ab178ffeef3dc413f7040945f44ae407f625d5f03c14f9231f51444
 EOF , 2016 , EOF ,/tmp/work/4/424f862a0faba524f5268b790bbfabefb7cac0a497659b7367099b8f9b3aded4
 EOF , , EOF ,/tmp/work/4/45c88d27a65d8b0fb3d424aee70becffbe7dc68eb6dac400ad8613eea7119a8e
 EOF , 2019 , EOF ,/tmp/work/4/451700ade91074e4303ccd0fe1c767798503c0e5d26e9d17ba567a2b424ffece
 EOF , 2006 , EOF ,/tmp/work/4/45ed1ec4025420b65c97bc65573fadc464d8d0ecd479cbf271a5c15135f7976e
 EOF , , EOF ,/tmp/work/4/4a8632c659027d908af3e1e16abed45242cb25b25d446b1d7539ffdc8deb6cba
 EOF , 2015 , EOF ,/tmp/work/4/4d06182540b4a0835349152632bbd5cc517dfc2092ce93e647763d32bbc1ff83
 EOF , , EOF ,/tmp/work/4/42cb8b5b4d1cba2a327ccbedafac7cbb20b8f1a875cbfe1f7bd1fc094bc038ca
 EOF , 2010 , EOF ,/tmp/work/4/49f378f7e60cc777e493d0ce127f7b8b68ebba2daa5e7ab410a5889d12a082c9
 EOF , 2007 , EOF ,/tmp/work/4/4e4403e63549e6014cb6e9589ae7737749a5e098ea00f387726b9c04a146dc24
 EOF , 2017 , EOF ,/tmp/work/4/49008cb12fb9804c90a041f3fb4b30daccb34a16a9d2668e2348a5cd2aa8dc97
 EOF , 2015 , EOF ,/tmp/work/4/48baa78e7d3007804a4cbb9d6338dc3bc1838f32f7f76362f0952e2123cce57f
 EOF , , EOF ,/tmp/work/4/47b94257da36ade67667bade59d93188016e6cad299fc0845d25f6a3471ba808
 EOF , 2005 , EOF ,/tmp/work/4/4a28434b17ba13c414722cea4f5e9a11a668ea7144a19b17535d09784ff0f853
 EOF , 2006 , EOF ,/tmp/work/4/442cc3296651c2e9146e99bf79452f32f87fef25cf3bfb668f82823d6f60d21c
 EOF , , EOF ,/tmp/work/4/444035c7aaec006b05ada960c774afeca4ed7ae02e2a11544380a56fabe211f7
 EOF , 2019 2018 2013 , EOF ,/tmp/work/4/49164d967bd6dbe28bf2d54e44560afbb599a7fa75272cace8e9746190c5954a
 EOF , 2019 , EOF ,/tmp/work/4/44ca8c3c86604cd93983b60b71cf6920de5d29768280e4014c958c8a170973e3
 EOF , , EOF ,/tmp/work/4/446dcdc8aa03e8a911f1f5922091f67d565cbd940a706e1a7a3360b39a39ff3c
 EOF , 2006 , EOF ,/tmp/work/4/4611bfbf500096b02babdb9074ebbee7530dfbd57b657fb3c2c1e201f9c00840
 EOF , 2004 , EOF ,/tmp/work/4/44523ca8167b283d68f33d423ea88467f8f001b516a3aff76d708763cbcd0237
 EOF , 2008 , EOF ,/tmp/work/4/4bf54a99b44571912a55dc54a7544eb72e985c86f7f2f67cd3ce56a728a4aea3
 EOF , , EOF ,/tmp/work/4/41ca4f45d1caa2fdd676610a035ca38a7829a1af56f00184f1afc92b613b2c89
 EOF , 2015 , EOF ,/tmp/work/4/4b876fc3299fc64b92df99fe403c24db8a42548d507b4262c3004398ef6b7df2
 EOF , 2006 , EOF ,/tmp/work/4/4d4a389e711692593da88b90c1353daa317c6c736f53ea3a493e7467e52266e4
 EOF , 2010 , EOF ,/tmp/work/4/4d7aa25199468a7edba503db891807c6654bb66e0e73353afae7c3669c6e19b4
 EOF , 2005 , EOF ,/tmp/work/4/4097762e2c01152b159920a30bc17b6cc196a81c9c6d01764335a85320c569df
 EOF , 2017 , EOF ,/tmp/work/4/43deef916707ed11ea91867ff243b6baddc58ba888cc7201fbe0df5b050b4b65
 EOF , 2004 , EOF ,/tmp/work/4/498ff3923e935668e3f3da6ef2137d6c93cdbcb1e9743655a53fbad5cb70b263
 EOF , , EOF ,/tmp/work/4/4911a198a4803e2974633d4f5ec8461c8ca9857f6fe0e4cb444623f00931d118
 EOF , 2013 , EOF ,/tmp/work/4/4350ac1b1988c080518adc70ad5866f643f33222f381e25067df00d7906c9025
 EOF , 2020 , EOF ,/tmp/work/4/4619f3b1ff46aeadcb806b143ce8bec770860386853301232495652c04b2d56a
 EOF , 2014 , EOF ,/tmp/work/4/403986c5724923daccf0e6a493d6079bcf9647e887afb3a7769ee609de6dc40b
 EOF , 2019 , EOF ,/tmp/work/4/4c074aae03760d79ee17ed8251447223a7d12218012113420266a81695a48469
 EOF , , EOF ,/tmp/work/4/455aaf45e6f525ee7c40bc6c26c76a95b88970c023b29eb87ba357b4aa62c3a6
 EOF , 2019 , EOF ,/tmp/work/4/4f50328a59a2a3e7c016c30dad4a8b11a883fe876fcdc67d7be34933c56b365c
 EOF , 2014 , EOF ,/tmp/work/4/4b7d40e9990dbd8c1bb5a3e4fa490147d048cab148ee32553fe95f972a084e66
 EOF , , EOF ,/tmp/work/4/40274bd6c00c4c6d5bcbde28fd3cc71f060b4f04a9a5ede5c6123a787d68eac9
 EOF , 2004 , EOF ,/tmp/work/4/4afee85a62c3c2da76ad300d35f908ceb5c402b7e13e964d9d5e0629c4e021d6
 EOF , 2015 , EOF ,/tmp/work/4/47504f3cecae62cd68c7a7df95ce3472281a08d9413700936d540a31a0aff7eb
 EOF , 2018 , EOF ,/tmp/work/5/51e09ec8f352462cb597d735af0245d925490e25043e98610d8b7da158f6354c
 EOF , , EOF ,/tmp/work/5/549f5ad5887781927d13738252a94d64138670676258139a651a82eb421ab419
 EOF , 2006 , EOF ,/tmp/work/5/5bdf5e1540ee0468e0d2fb7099c21bc981afd8a83d9a892b881e515a60ff83fb
 EOF , , EOF ,/tmp/work/5/50094578aa3ea0b9928d20837b1b79e7f706c67de934e9daf81fb93c040aab00
 EOF , 2008 , EOF ,/tmp/work/5/5aff4b8c8630f61f596d194fddd54c3aab074e6b8215b56f4e6de86e2f0dd572
 EOF , 2013 , EOF ,/tmp/work/5/5f792d2733e2d6c04127b089431b9626739fef8534e054d5eaac24fa189e7f1a
 EOF , 2019 , EOF ,/tmp/work/5/54f30e13dc4e9d0cd9fc3e92cf265e656ed04e73aeff5377f516beb9265d6726
 EOF , , EOF ,/tmp/work/5/54bb1871e21a4dcd43f5d4dec7a3a98764ecd6f5e2dd48a85d10bc92d1a558a9
 EOF , 2004 , EOF ,/tmp/work/5/59b0586e6624080b781572634beefd63cf538992116d54207fd070a314196e9c
 EOF , 2003 , EOF ,/tmp/work/5/592b0ba66733286c9e9558dd02d666439d890a71d1e1b57c49c9d1386831a8f9
 EOF , 2007 , EOF ,/tmp/work/5/5232e45f149fa9dd6b0daf7b59c1754eb37d292cde748aaee4e46a91e70f3919
 EOF , 2006 , EOF ,/tmp/work/5/5112b513d93c3cd389fff3682599b3181fec0b57b68a0544b8f6070ec133b426
 EOF , 2020 , EOF ,/tmp/work/5/58f394b5047a71e954931f42636180bef07d817fda0466a4423ba0401326e457
 EOF , 2018 2016 , EOF ,/tmp/work/5/5c95440ab2e758b35005aeaf08360a41afabf18e00cd88c1254ce1d44d2fa903
 EOF , 2006 , EOF ,/tmp/work/5/5d3c8f61524875d4f54d54c810b72d43801454e25b8367f67519578265a07a6a
 EOF , , EOF ,/tmp/work/5/596d19d0b9684cf7a64c0185399e19477c9d07b51b64b589aec01c77c0817c28
 EOF , , EOF ,/tmp/work/5/51830b481d0aff36918670d281c950afcbee207aabeb8c4bf25bc3c2fa009fca
 EOF , 2012 , EOF ,/tmp/work/5/50d9aae13b3d6bb71a157220029f9ea7a0cb41ff5a87295eb9bcb0f6febf2aac
 EOF , 2016 , EOF ,/tmp/work/5/5dd8fff61ec32ccbd00e7b8563b4fda3482f06478ec8e535b3e3895ebefb3dce
 EOF , 2019 , EOF ,/tmp/work/5/5ce1fab6c5b2de1408308eb437724e3c50adee8baea32e1bce4d3ffce6dcee28
 EOF , 2019 , EOF ,/tmp/work/5/59df139ae3df7d8c7c5dec7fc677a3760a0d0365d8c01f2ceeb1d28a7063bb55
 EOF , 2004 , EOF ,/tmp/work/5/57b25662d14c9a7eecc4a49f7a8d640733996de796a1a32b5402d684cba44f21
 EOF , 2002 , EOF ,/tmp/work/5/5d2d860e8e69273d68fb3ad595f3a2924f0f2f7f54117b03ca955fba55149441
 EOF , 2004 , EOF ,/tmp/work/5/57a1647f7020a39aa26403d3ca90e4a0af929be56162b0d681aa7aaed22dfc2b
 EOF , 2005 , EOF ,/tmp/work/5/53f256a4c89699099e12d66322f8f9629517bc4003c9aaa721d1dda2f2be1b7d
 EOF , 2008 , EOF ,/tmp/work/5/5346deebd1b8005e551ca3bb64c069aaddd3b00b1a1bb4f55076f18a40660a1d
 EOF , 2016 , EOF ,/tmp/work/5/582f2f152f0aaaa44bbc33ca1da7e2f7fa2a6feb9cb206c59b6f40cd26fea49e
 EOF , 2020 , EOF ,/tmp/work/5/548409964e7814fbad3c2f15e39a1e0b96627358e362a69aaa639fb2638e6e19
 EOF , 2004 , EOF ,/tmp/work/5/572dcf00cbbc711d5bd845231a4c9e9efd0821a694e8d7f6088d39353378a1db
 EOF , , EOF ,/tmp/work/5/5521d0c331c024a0c7184ce47e3912519af76401c57ebe2df8ab8fff718951f1
 EOF , 2011 , EOF ,/tmp/work/5/5bfdf8e63a8a2fce50d13efa302716bc4796945c307d70816c1a8484ccec47b3
 EOF , 2016 , EOF ,/tmp/work/5/59bd6bd94859a9a2ae1d8743b28c04d1d6f8faf1f380a83ad41ecc8e45484fa2
 EOF , 2002 , EOF ,/tmp/work/5/520aa2fcf5d8224f24506045cc1049850b4b48629cb52cc1f5e98cd9e11d0fc4
 EOF , 2019 , EOF ,/tmp/work/5/5099654f396959b105e4d9c41c3c7afa54b8e3835d1d672ed7b11728953079a0
 EOF , 2012 , EOF ,/tmp/work/5/5b9aed304989dd9596660eff1bb7dc68f833352f5a52d76271ae1c3503b25475
 EOF , 2010 , EOF ,/tmp/work/5/5e1b06ede8e9f3558d9d091a0bb5f3da5b993cedf9c1b9f7236f7d5228cb24e1
 EOF , 2007 , EOF ,/tmp/work/5/5281acab21e691b8157be660048984a732385cd693e39c948561f4f4bd67c2b0
 EOF , 2002 , EOF ,/tmp/work/5/518ce59a57461296e4814b7c35c0eae0ddededed0f0968cead4af691891b2e5a
 EOF , 2004 , EOF ,/tmp/work/5/52bc1d408abeebd998f446870429a7cd502a216ff00dd3da173ed219495df4e2
 EOF , 2016 , EOF ,/tmp/work/5/598ef8b8dd5bf61dfa40a760126bdac244be5144afad4318019e21ad9aff5853
 EOF , , EOF ,/tmp/work/5/54958fe0e41c19633972eb63a9ab2b1fab0d93a73c8fc2db8593594c2229993d
 EOF , 2006 , EOF ,/tmp/work/5/57027fe91f62dfda862de1fdc103d76319219ea9262a80c7c67ee9bc79cccb06
 EOF , 2021 , EOF ,/tmp/work/5/567ca4c00f113c6960047170b9a32d4ae2f4cceac97facee0f6ba57db9b15deb
 EOF , 2006 , EOF ,/tmp/work/5/57e16239f206bb0a1e825155f9a6f864f8c067b1a349c606eaef562be477e79f
 EOF , 2016 , EOF ,/tmp/work/5/5bbb07c84a01794a49f4fc954ed7c012eb923a9edbb695f6489ff90baac869b5
 EOF , 2017 , EOF ,/tmp/work/5/52a5e27676c44a85208e2bb56309d6948e1cebb2283323d22af9daf72d6ae810
 EOF , , EOF ,/tmp/work/6/69ceffd3965d3be47ba2422b8c7a85ce3dcae8e0adc4997f5a9941f326531b87
 EOF , 2008 , EOF ,/tmp/work/6/6ae96ef7b892a456c0e5036a69675fc252aab4a9c3ca9ed54133039d8d1eaabf
 EOF , 2013 , EOF ,/tmp/work/6/63076c9d1ad2a815593d426b1df7dc09514510c9993cfb969e10a99eb95363ad
 EOF , 2016 , EOF ,/tmp/work/6/61648438f91e43326acdef7e3dfc090abb275f9eafeabfdeb930eac7f3d89513
 EOF , 2007 , EOF ,/tmp/work/6/6f33d9a440582bcfb8a5f426915383f67b604b6c8eb08302e77d6b2ad7bdafde
 EOF , 2008 , EOF ,/tmp/work/6/6742edbf5a0a572fb45b85c07232070cc3e37960db1d802cd22df2aa342bbff8
 EOF , 2007 , EOF ,/tmp/work/6/6c333e3c997ba6a1205f9065baa78c74c7310b0752c9220452bbf7497301edf6
 EOF , 2015 , EOF ,/tmp/work/6/69390dfe51d8cb9a86603e2c0d4b14c7f4dd4bc40f575d93666275ff5b732c7c
 EOF , 2015 , EOF ,/tmp/work/6/6b0ea25b4f282601dd54dfcc8bc6eb7b73697784cf4dc171015711fed9627483
 EOF , 2004 , EOF ,/tmp/work/6/6f2fa535abaec63b26a7b8d8d205563e2f29ba77b7c54b39be98432aa31adefc
 EOF , , EOF ,/tmp/work/6/66742090616abade3b2a09cfbf53404b8315d8b2707b3251de23aac87dc1f057
 EOF , 2019 2020 2015 2017 2014 2010 , EOF ,/tmp/work/6/620343e7195afab3116e571e939c7a3e6a22efc6cbc24f38dae3ec479d1546ff
 EOF , 2006 , EOF ,/tmp/work/6/6b3a5c87b0bc69ab24eb2897d09b4847e63d003e2703ef9987611fa762685304
 EOF , 2015 , EOF ,/tmp/work/6/61494288bc387fb6c46234f9eb9241b1e3292faf895b6d4423ca5ce62af659b8
 EOF , 2005 , EOF ,/tmp/work/6/646bdba7a63f259a3ea10bf220b4f54409a1a6a12d3e5152c6b3ae37dc9ea7a3
 EOF , 2016 , EOF ,/tmp/work/6/6cf5ac14d43b4400c04ee087c51a271fd2cfc94c8cd5b9d7cc2e8dcd98aa1f3a
 EOF , 2004 , EOF ,/tmp/work/6/636b16310bb52daab9fbe32f824350b8ad8f8e39cadaa72d456d3a3a6a742871
 EOF , 2017 , EOF ,/tmp/work/6/6ffe3a38aef84d47d2e8cf30cf127a93f6a22501df01a516aa14f5d2a1a2f973
 EOF , , EOF ,/tmp/work/6/652337bd6ab1efe15696fbc0ec0d7d3727479a7ffe576dec262bb884585edb91
 EOF , 2020 , EOF ,/tmp/work/6/63d88050b2d43d349ccbf6269f1d313010ae57af26f81841666efab4f5929f9a
 EOF , 2006 , EOF ,/tmp/work/6/6420aaff0c07aa157029ac3e8336f4d537caf7055920548a02888d7f1fbe8cda
 EOF , 2004 , EOF ,/tmp/work/6/6d33a046e69d4268f073017dc3a55ec84fd2c1faf8be3119836d6b55179d6344
 EOF , 2017 , EOF ,/tmp/work/6/672b3ad46437a3f86b4b5cf7e125801a4e595b2316d3aea4e748bbc331b23677
 EOF , 2007 , EOF ,/tmp/work/6/6f42bc601fd38aaaa3c32137cec966fd6fc8d9c8c33626dd86cd4b137f64ee75
 EOF , , EOF ,/tmp/work/6/609423a5f7f6e4e22689b3f57e6605814eae0b6ed3c731e37f2f6199e4649053
 EOF , 2019 , EOF ,/tmp/work/6/6c7cf9675f550f890945b7d45b62302977833454d6b0bd8703f20983f8524180
 EOF , 1999 , EOF ,/tmp/work/6/6de2a3443e4c1bba9ac1731d7b5eac61d03477ae71077cd5e6ff86c23a67988b
 EOF , 2015 , EOF ,/tmp/work/6/68d06b7e7b52616106aa6e11d63852eb65f267296bdac103ca2e4d9b849bc537
 EOF , 2010 , EOF ,/tmp/work/6/60438f2d55eb0fe2f132482c38bca3b6c9bc88c237f84b337805d6252bb075f3
 EOF , , EOF ,/tmp/work/6/6385e7f428ce8ad51f897485eb4c1283744de72e9e8121345b6dc8f09c781d83
 EOF , 2017 , EOF ,/tmp/work/6/6a905645e07a9e813fb350d5ba32da820a35673bf226dc3ae255c37a032f79eb
 EOF , 2020 , EOF ,/tmp/work/6/6f0e687c9951159bfe656ca81c0be3ba2db9b9033b3218cdb4741cc6517e80b1
 EOF , , EOF ,/tmp/work/6/66df362e0075f65a93d3b4811e63c9ceec681821d7e216bc319fdce4c20eb73d
 EOF , 2017 , EOF ,/tmp/work/6/6e79694e708b363941ff9c79a8fb1e71cc998181a19fa465d491f7eb9fded4c4
 EOF , 2019 , EOF ,/tmp/work/6/699d0243805f4627b495c7dc80433b67a17e5704eb41f695fc58b70064d7c974
 EOF , 2018 , EOF ,/tmp/work/6/69d6817205d2c173ff89b343800bfb33dc4e5d1887e286a60d046a306d0c50d3
 EOF , 2008 , EOF ,/tmp/work/6/6deaa395a12cce5b0386df26de95782c77d820ac6d2d2cf30ec2081ca9bb46fd
 EOF , 2017 , EOF ,/tmp/work/6/6c32b91a41634b9fad6f7bc5a716d63548abf538b3c508cad253d9328a372371
 EOF , 1999 , EOF ,/tmp/work/6/63c703eaea73a5a408ef18fffca63c4e05f058198a461f7aa52ddf5310a5b1a1
 EOF , 2009 , EOF ,/tmp/work/6/617375ef142e5272dd03ea84eda63b6fa18221faf99ecc6b5c7f292af420bd4f
 EOF , 2019 , EOF ,/tmp/work/6/601ccca4bcd2fa233a8d7efd5e3a6c3ddc2d47f9d72356de39bf3f0149e7e235
 EOF , 2014 , EOF ,/tmp/work/6/65c988a003e0d288834470f01ad70b622c98687ef9132d8ba0756a0ab8c51399
 EOF , , EOF ,/tmp/work/6/6784e461714e54b2437d31422301c5bfd3d81273781229849a0ac620e802e597
 EOF , 2020 , EOF ,/tmp/work/6/6c2723386969f52f7d521c83f25466c9acebd55ea8e3724ef8de1ac4d822265e
 EOF , 2016 , EOF ,/tmp/work/6/642180db6efe95438de14889823dc40c8c6889eb41b1582b0b83575917688d2c
 EOF , 2018 , EOF ,/tmp/work/6/6749e47d29ab5287766753a43c93ccd3f994c3140b2e2f94b70c7ca02ebb84a7
 EOF , , EOF ,/tmp/work/6/630ba9d01cc34b594f77e5669752310f0649fa49f3c9c5673827d6d92b437924
 EOF , , EOF ,/tmp/work/7/714b7405f0dce71d983c69c661937a0f1c011818b16a1e29528301efbbe2c1a9
 EOF , 2021 , EOF ,/tmp/work/7/72e54afb4e4d0137f8157d015434280f6b670b2d9f2fb0e22fd85d7bcfcfad9e
 EOF , 2009 , EOF ,/tmp/work/7/721814d7092ab0cfe69d843b33e037b1fc36bf8a24cbe7522374647a1449af8a
 EOF , 2017 , EOF ,/tmp/work/7/7a8d3df97d3a8ad8a2a9b5abaece8c359a790be73fd072bb573cf0ec5cf31cd3
 EOF , 2013 , EOF ,/tmp/work/7/785b7647c32614786a46a14f45598ed42a0768da535290a42a74bd2370d520c3
 EOF , 2006 , EOF ,/tmp/work/7/7f52f5b67034358d54225427f0d2047006b9ca8d88b1f567a638891dad762da6
 EOF , 2008 , EOF ,/tmp/work/7/7c7ddafa76a520980d50b66c6076d6236765ad94fd8393dc8144eeebba827943
 EOF , 2006 , EOF ,/tmp/work/7/74ac31a7e62e8084ac3f0b44ccb83a7f36c20e854cbe80d1cc83ac885e6eb19c
 EOF , 2005 , EOF ,/tmp/work/7/70dd122b8489edb1b4d67aad80ca4ac596a74d0d416dd2d416c2c9046b99e1d1
 EOF , 2018 , EOF ,/tmp/work/7/7cf362e6b70a332db1b8105479ffd195d25c380657012651d58f4c2040baa785
 EOF , 2019 , EOF ,/tmp/work/7/7e48c4e4532e863ae2c58300e70ac570fbc284e161e9c521f97948e34090c417
 EOF , 2018 2016 , EOF ,/tmp/work/7/7727fc79287f3ef4a18a7bb48dfd1744bd6edb5065a4e7647c65703b8b8330c7
 EOF , 2017 , EOF ,/tmp/work/7/7de44dacfcc1ca02a7a6fcab30e5402c68253682dcc13f810a3b9da2b03e4906
 EOF , 2012 , EOF ,/tmp/work/7/73e29877128a401f1206d413c6ac11379afbfe71de98b4c3150ccb244941ceda
 EOF , 2017 , EOF ,/tmp/work/7/739791faafe4bfc6b28a930cce15d4e026b8d47d2a18f416684d6f3bac8cf9da
 EOF , 2013 , EOF ,/tmp/work/7/7db414d0b26baef769d0b6c54eeb5ee60d2124feac507227c871555879f09b19
 EOF , , EOF ,/tmp/work/7/71735770556f8f574399c9b477963dd9b20d16b5b4b9a37c96e5e2442f130d41
 EOF , 2015 , EOF ,/tmp/work/7/74a95cffd0e37cc5314040f5d96f0555d29b5c1b745b4fdb0ce29ab6b1ee6cb3
 EOF , 2006 , EOF ,/tmp/work/7/737e34f60c114cdfbc30ae97cec0280bf647866c9efafa923de22d66fec9aedb
 EOF , 2010 , EOF ,/tmp/work/7/71d22680b4597c4d7556e2792c571881743551d9db1491cdef95e7345e931fcd
 EOF , 2007 , EOF ,/tmp/work/7/756ef09fae5044d9c4cc36a0a911a88c888f4c871c752cafedfc5079cf2b1bae
 EOF , , EOF ,/tmp/work/7/7ecad8f28b7b761eb180708242046079584e84db9601c54dd3b1019a013d8e07
 EOF , 2016 , EOF ,/tmp/work/7/7ddc3680751d311d8d95ee499e946e7b37237c8535d7c3cf882b9529206c0959
 EOF , 2004 , EOF ,/tmp/work/7/7b31114ee680fd8822048b55cbf2441c6dc86fc0ed791cc5f21dbe0c4d415a5e
 EOF , 2017 , EOF ,/tmp/work/7/7a673440768b5cb7510a906b073bdc23022a4e09d2b5f6070869dee39332419b
 EOF , 2019 , EOF ,/tmp/work/7/75f1852d46bff26227467dc5d17927ee48ddff7bd768dc3084109549d2b226f7
 EOF , 2017 , EOF ,/tmp/work/7/7cf72c26be67b864f45b1db964e44ae116623e13895af528e7f78d4af6f1b74b
 EOF , 2015 , EOF ,/tmp/work/7/7ac37b852825d885171fb4db98c4198c308c5fbad5eb9dfd43ea62db3729bdc1
 EOF , 2014 , EOF ,/tmp/work/7/7780e5f81c6ae50698888bbcf1c2b5e812fac1a2cb4bf16307b206476f9b26cb
 EOF , 2008 , EOF ,/tmp/work/7/79569b03faf4e485cd37a917acdabb79c4e92b2ca995adc1256932adf1d6f839
 EOF , 2007 , EOF ,/tmp/work/7/79c6caec12e1fbb53f9be695dbce823be3c7a403cc8546009e261c0eb09f1f46
 EOF , 2019 , EOF ,/tmp/work/7/7c630b7a2ab8e355d84a2a0cbe552f85ac294ba19a976a7094d43a097fe334a6
 EOF , 2004 , EOF ,/tmp/work/8/881336631c3a19aead717be3391c281ee1dcd0fb2be5bc07c2c04eb46ebf4407
 EOF , 2010 , EOF ,/tmp/work/8/8aa4ed01d18ef91be3ea4b29ac1ef56831dfec08869dfd03043031b71719acae
 EOF , 2021 , EOF ,/tmp/work/8/8ae103db920cf2586e92d0b3b8e9185cc26a4c3c3d9a2fa18c63af5bc61b90c1
 EOF , 2015 , EOF ,/tmp/work/8/8f73b2baf1d2546b9089732ddfecc0c6a88863f9c9bb1d2e1958e0400a02f548
 EOF , , EOF ,/tmp/work/8/806651d31e10d439f729c8bdcb6d12bbe33422aa4ebef7e9ece4d04dd61e815c
 EOF , 2007 2012 2008 2003 2015 2017 2004 2016 2014 , EOF ,/tmp/work/8/8357ca03aa1f8228468d8fe84c897b11df3cff9ca988042a5f97195248005198
 EOF , 2017 , EOF ,/tmp/work/8/884265ffc3aae0b50d774315c4f9f01434d3e46e184b677226d5fbaebe315700
 EOF , , EOF ,/tmp/work/8/86afa1b96c6ab2f57689118164ba1f7d67a4418630ecfa409028049632b1e204
 EOF , 2006 , EOF ,/tmp/work/8/871aca5090cebbd52cda247f9d0902b49c32531fe21bf751ba14b156406cf248
 EOF , 2008 , EOF ,/tmp/work/8/8632584d00a879acd45ea52686471f3fa94b8b2cf2c81fe25bf2b89d42074a63
 EOF , 2007 , EOF ,/tmp/work/8/8f66ef4749d4cc55b66a2682f1a2307cafff7b434405fc7730ff4418f54334d3
 EOF , 2008 , EOF ,/tmp/work/8/8a13aba441a49bcf7957b45afd5017b295a8b73349340a7502cad402a12a8b2a
 EOF , , EOF ,/tmp/work/8/82c499e3af014d1c290f5dca01a1291e9b469c3a4d6eded3314b1a1c985c38f7
 EOF , 2021 , EOF ,/tmp/work/8/820061c8641486f88966e6c62841a70248cbb7022046f56e31d80301848d43f7
 EOF , 2018 , EOF ,/tmp/work/8/84d064b3a361da86bbfc6b72d679e896340afc496311b6fef010578d8e704e18
 EOF , , EOF ,/tmp/work/8/853d28b8323ac380068216db992af76d57b8bff9411b74acbd25d7247e0e4499
 EOF , 2015 , EOF ,/tmp/work/8/855c918eed867e7b369c45d9b2337eae195706804e0ec10a5ae60724a7f52f0a
 EOF , 2007 , EOF ,/tmp/work/8/8f2a4ec3ba5f36c799d95f9a01224336142dada0962509dcf1b3ecca0c172b6b
 EOF , 2006 , EOF ,/tmp/work/8/8c2f71530f165dbc7e5f0f31310bdc92920327b2dc26c734f116d1c12f051d94
 EOF , 2009 , EOF ,/tmp/work/8/8a2d35799a200e6207f19117eb5acd74803423a7bd73f0533f28ce404154a947
 EOF , 2005 , EOF ,/tmp/work/8/89caaa12d76b97ed25320bef2a5ab55bcce6989ae9a3c53195300021ef1a9633
 EOF , 2019 , EOF ,/tmp/work/8/8246726ecf3bffc8d04a774407df092f1bd43d5d48af515e3add62747bfffdb2
 EOF , 2016 , EOF ,/tmp/work/8/84894cc4c4944522e6c78a1cd7037c4c53fe1bcb4578914ec1e9a80648810d71
 EOF , 2018 , EOF ,/tmp/work/8/83cc798396a79617df3c10df114453d9078f3cf2fd8447dac70cff3d9358e7ab
 EOF , 2016 , EOF ,/tmp/work/8/8ebb594f3704a431e543dcc524f1db8f00d7bb269aa1db6cdc43ef1ff34227bb
 EOF , 2016 , EOF ,/tmp/work/8/821637a8cdc3bef6ed7074179d70b46680dd18754a3d58ca1e91ff2ffc5cd075
 EOF , 2006 , EOF ,/tmp/work/8/83783f856749118a2733c971b272f5ccf6ba2fbfaee04d374bdda820e156aaa8
 EOF , 2014 , EOF ,/tmp/work/8/8930c1000c46ab38ebc0a84e5a33a845f813a311cc659e38f3acf299eb45e1ae
 EOF , 2017 , EOF ,/tmp/work/8/86f2f7812c82cdbdeb7b782e8f2e39e4c67d789e0c1df0f50d5d4afcd34f2904
 EOF , 2006 , EOF ,/tmp/work/8/87fe2bc6a72bd52552195a3595c45214ab4cc6cf609584d4a05abcd3405a9de6
 EOF , , EOF ,/tmp/work/8/832bb38987acc43075be35da79e0b8f4b1262779a91a3a40e6f75921cc8c2ecf
 EOF , 2015 , EOF ,/tmp/work/8/87add3c987480ffe57814300c28a23b70734d7cf5b2ae5fb9e41642542bff475
 EOF , 2019 , EOF ,/tmp/work/8/882b1ad80a12c9466c540b9edb17b82d2e8a692df54eaa0e0adf321b778d7b31
 EOF , 2020 , EOF ,/tmp/work/8/86f0ab23d6cd44fedc3c49f405240534496f85116e55deaecdfee960bfb2819e
 EOF , 2004 , EOF ,/tmp/work/8/88065c254d9cb12e450ba7457569afbe3beadbce28dbb98ff3773871c0293ae2
 EOF , 2017 , EOF ,/tmp/work/8/83da028f0c6a6731dd11875c49d05e00233ea0e2ba18f854dfb6409883fb0a33
 EOF , 2006 , EOF ,/tmp/work/8/895830ab59cb3bfdd8bd9dc0b941ba1f0b0a05eed2a1cb1b669b7894a8845124
 EOF , , EOF ,/tmp/work/8/8f930955e9100e60656a3626c698a2abb60eb43c278058f78fa81d9418f0bd2a
 EOF , 2008 , EOF ,/tmp/work/8/8c2ef5d97c5521d1278684cb640481f6c7e2519f57a1389853152a9e5344ab53
 EOF , , EOF ,/tmp/work/8/8a7eedec6331f288d9f8fe86ce5acc9a7b2c7cffe49b262fef298873459eda1f
 EOF , , EOF ,/tmp/work/8/8718b1ed44243af83e58586379eecb61f625def56157350ce8c2befee4bb9eb3
 EOF , 2006 , EOF ,/tmp/work/8/8d5abca54f8d739c12ad2f4aa2f29b597c974dbd150673837095070c41a66ec7
 EOF , 2006 , EOF ,/tmp/work/8/8a02f40cc6fa6fa41bf2bc3b4c46fd2d39ac3bf4e7a6aac1eb59bcd4954f1b1e
 EOF , 2019 , EOF ,/tmp/work/8/823d61ad3994278d6eaef6bb892e64cf7520d1eea7b6ae4a8547108843f45691
 EOF , 2017 , EOF ,/tmp/work/8/8f20c5755ce02466555d84ebb1688d13132e7504f892bb6c92333d0af5c5fa51
 EOF , 2018 , EOF ,/tmp/work/8/827934d9ea36b052121bbe236c87df05a95003387805c8fc78858227ab3463af
 EOF , 2004 , EOF ,/tmp/work/9/98af724274123933646f0567540ae84043b16c062799017153d570a373fa0151
 EOF , 2017 , EOF ,/tmp/work/9/955ad3941d42445a0da1f4f914a562e189e640ce28191ff87c3d57ee6a097edc
 EOF , 2008 , EOF ,/tmp/work/9/90332101feb0657826fb179bdbd6904a248088c4e6323741de877bf55f654f14
 EOF , 2012 , EOF ,/tmp/work/9/9fa5990470222c7292425788095cd765e966676a7cc25061b9e32db11f6419e0
 EOF , 2017 , EOF ,/tmp/work/9/914938c847bd31ea2222673dd7a2a5f3cc7adb0d9fcb72cd36af8b1972221e33
 EOF , , EOF ,/tmp/work/9/9c2ba6f63f29f688f22c7d9efaf39f76c504df478968b0767f409399bffc8d53
 EOF , 2015 , EOF ,/tmp/work/9/902aecc54a345798303868d46d518473e01b64982729cc7b26a28d7ae8bfff78
 EOF , 2005 , EOF ,/tmp/work/9/950d59abcc3b9b96d0615e00d45826759bec47a4d109cb17bb052e79ae2eac27
 EOF , 2015 , EOF ,/tmp/work/9/9aff1caa0637d305a1eed5cfb33501d14f99ca1dd35ec9a6aed6d912e73ecb75
 EOF , 2014 , EOF ,/tmp/work/9/965315d12cfe97f0eef848ddae55ca4fa2ac0590ab10e8f48b15a72262bf25be
 EOF , 2007 , EOF ,/tmp/work/9/945a03d06fa7b49aabe6d7c990da6ba506fcf249600cdb8fe64f3bc651022e21
 EOF , 2019 , EOF ,/tmp/work/9/9cee53fea84358591221704bdabb5f00e95653ea938bd3295b30fe1b93a47c5a
 EOF , 2008 , EOF ,/tmp/work/9/9a70a1cd641494ef954eb6d74d2cdb6e4c1f42273c166b7c83beb57642ef7eae
 EOF , 2014 , EOF ,/tmp/work/9/94f12ff000e3e75b12a914d2326c60364ec0853c5e75325f8906653b6a6102da
 EOF , 2018 , EOF ,/tmp/work/9/95b2de8d48eae5836a451748c80201c4687bfcd7d7000e9aeca5aa5dc02600b1
 EOF , 2006 , EOF ,/tmp/work/9/9434d7e67a75132e3fb56377178b0a1969cd6161255f6236350972e978afa0a8
 EOF , 2016 , EOF ,/tmp/work/9/907ff2109694812f3a1f2dc58a563e353bb39e7bf1f5a139cc45684d9acff62a
 EOF , 2013 , EOF ,/tmp/work/9/9c89eb3016446116329a40621018a999fd97d9a3e02d5d2572464d72c8f97cb2
 EOF , 2019 , EOF ,/tmp/work/9/9c7bb6cddbf7c28d413e0da88eea0bdbda8af7e4961b89e0490c6d8f7fdfcdd5
 EOF , 2018 , EOF ,/tmp/work/9/9ab010db60f7bfbfcddde41732843e3dcb78aa8646741faf33aa5db69c1111a7
 EOF , 2016 , EOF ,/tmp/work/9/95c8b8a5a3b3e97951c6460873b78a463dd5b00ee9a06bc8b53c7ea921016d99
 EOF , 2005 , EOF ,/tmp/work/9/947f4379a5381d7aec84bcc8219ccf56c3f0d55355c927e21295894d1cf1ef5a
 EOF , 2013 , EOF ,/tmp/work/9/97c18717efaeb0dcd2246191ee9e486a7120b6689e10a4cf46643efbfd273419
 EOF , 2006 , EOF ,/tmp/work/9/9e36c4f3da53849fb863235471057e69b4f43c78e472339b7736acc073eb1417
 EOF , 2017 , EOF ,/tmp/work/9/9d1b911b31f02f5d4c4b86a209aa3fcb274c86d86da1104bb36a766f97bbb5a9
 EOF , 2006 , EOF ,/tmp/work/9/9729af940886f2f8336361722000523bd7e5de6e99c04873f6de121f4a910f38
 EOF , 2020 , EOF ,/tmp/work/9/9cbf08147d9ebc114358f4fe77856f15fae676cc615cedb36719f278cb29f4c0
 EOF , , EOF ,/tmp/work/9/9349251ad9986311b7f70aa1e49637a1cc49937126234af9556c1171f4452026
 EOF , , EOF ,/tmp/work/9/9e93b75ae8149670769a5155a0286e7ef4a5c900b6b7e67748570c09468e6cb9
 EOF , 2006 , EOF ,/tmp/work/9/967f83c8880506ff129ee3095733ae224e6d4285a126cbdb749b2f7bff6cfade
 EOF , 2009 , EOF ,/tmp/work/9/9ad90bd1faad9258280201232f37d324588cb99366e566ccdd3151114db83a3e
 EOF , 2017 , EOF ,/tmp/work/9/9dd1507cc2f00ddbccac33957d93d8e9db110327e9d13f2e949c2095266c1e33
 EOF , 2007 , EOF ,/tmp/work/9/938974d07e1ca7b4f6fba971c3bb92a21d9aad70f1655449d9bb655db63f9038
 EOF , 2011 , EOF ,/tmp/work/9/99175717cc1bc58442de5431bf75ff88084b75a80ae2a65588f57cbf33ef3cf9
 EOF , 2007 , EOF ,/tmp/work/9/97744b50c4b0d8f2e554f093494304c2dc7056f3cece4915dd05c2e65e0aeecc
 EOF , 2012 , EOF ,/tmp/work/9/92927d786aef9a7954db0b505404073ba6370c92b1f1060cede64f780038de32
 EOF , 2011 2016 , EOF ,/tmp/work/9/9476018087c040cae9ef350aeaba075d2612437ce4f744d182ca800dbecacdc5
 EOF , 2004 , EOF ,/tmp/work/9/9dcfe6f74062b6c6fbf91b524b1065f88faee06e1dd33bfc892b63d27d22092a
 EOF , 2005 , EOF ,/tmp/work/9/9d461cb5c1eec48d395eb376c6e143c80ec5b5d70a758a58522121a0d7495404
 EOF , 2005 , EOF ,/tmp/work/9/93db41df5c4dde0431fe1b82214b5a39ea33f5bde0e51642d80149a57c7b8856
 EOF , 2004 , EOF ,/tmp/work/9/9cf34cee4c0f8666a70d48fcdf116b68736a17b331016fed99e5fc65d282c9b2
 EOF , 2017 , EOF ,/tmp/work/9/9cb5e985044b350258e264fa4981555df1b8e7d3ab1f56486e7fd44db5edc3e4
 EOF , 2014 , EOF ,/tmp/work/9/9767548af9d4b70b5146afddabeb6c0b4882a777b8a80c1626b57b899c268074
 EOF , 2020 , EOF ,/tmp/work/a/a7ab471ece6fd4a5be3f9090fa7fba23cd1755f898a9674bde8f7115e19d9852
 EOF , 2009 , EOF ,/tmp/work/a/a0c9aa5ce7f1da0898ea4d84b615100b9e04bb6b511f772362d94f746077985c
 EOF , 2013 2014 , EOF ,/tmp/work/a/a042f17ecc179118570eb7bee7ae7318bcbf64ee3a9608d34e56467f10a58b91
 EOF , , EOF ,/tmp/work/a/afdd7ad34b7f392271be5acc908509cdacff2a21de578a4a8dedbabbe2784982
 EOF , 2014 , EOF ,/tmp/work/a/af74387e9fb2760c67112fbe73dbe10a909b6e435c2ee22d289caa73ae8d9da3
 EOF , 2017 , EOF ,/tmp/work/a/a5ed012b5323d3cb12e68089680071f4328fca378d4ddaab7222a0c723caea04
 EOF , , EOF ,/tmp/work/a/a6fffb56f6bbada9a0905921d43dd95a8ca23ba788fab6aa29e2b5087b78c40d
 EOF , 2018 , EOF ,/tmp/work/a/a72a8ffef7796fcee28a0af917225c839c310c86c8ad7a86ea85173e9bbae08d
 EOF , 2006 , EOF ,/tmp/work/a/abac539328498e8042858e0673c8f7d82fb666b722ffa624e73a9ffbc1dcaa01
 EOF , 2004 , EOF ,/tmp/work/a/af64d67c43320a2b960bb2cd229dfe13a8172ed7bb0c792d439a9ffcdbcf0e0e
 EOF , , EOF ,/tmp/work/a/ae710d8477191af5d08126645669ae88c13cdcdda538d292ec1d2f9a51f92dcc
 EOF , 2017 , EOF ,/tmp/work/a/abe342f3980d44c6ddda1ce9fa7d5fa482d402f9872be522a0175d6d83953e09
 EOF , , EOF ,/tmp/work/a/a2d2c70393965e519c1ffe4659bfcbcafb64724e664bb4a2ba00600dd4ce83f6
 EOF , 2008 , EOF ,/tmp/work/a/ae7b61baf0c28b820c2c2a6150ff146fed023b88b76452ad438b8ab684c683f6
 EOF , , EOF ,/tmp/work/a/aefb16e9756a1229ce72a06d9232e589193c7ceb41631f2d5fc5d05ac272736a
 EOF , , EOF ,/tmp/work/a/a336b2e9b1aaa6564430b20b9664c30433445f53d065db2ee464334da6791fc2
 EOF , 2016 , EOF ,/tmp/work/a/a90fb17d2fcdbe8dafdf7389517159372a295e6037e7786de0c5b08227518597
 EOF , 2020 2018 , EOF ,/tmp/work/a/a0b99c93f6af59492283040721841bd691f15483992625ebb5374580aa84cb4a
 EOF , , EOF ,/tmp/work/a/a7210fab925014faf5824d2d703c8d24a9e59904faf1d6870fc2e18ebc3f74c6
 EOF , 2007 , EOF ,/tmp/work/a/af6587da89db8802f07e9574234a4901241878a4bb199beb21dfdae532ff5789
 EOF , 2015 , EOF ,/tmp/work/a/a72b227960fb72c4e1e59d606b46650d64da94e3f8257c1b8cb613f075600f26
 EOF , 2009 , EOF ,/tmp/work/a/ae80b41ed0b323faa5004a2f1bfac37becdaa45b3f4fed969bc2940d4efa8af0
 EOF , 2017 , EOF ,/tmp/work/a/a3aec358c95a0a3431719b3fd1e696a737bf865828a5aea50a72152d1cff2a63
 EOF , 2005 , EOF ,/tmp/work/a/a090e46a9d572f2b8c12def7d1566f2bfdfea07849eee10c2444466100159f1c
 EOF , 2017 , EOF ,/tmp/work/a/a4d6a440f5b3422703f0bc6ad9cabbeb40d223aa8da0400beb5f577599a03120
 EOF , 2006 , EOF ,/tmp/work/a/a817b8c4128a1f350e8dac7d4422d22f627be82e01bb5ed1983038016e092c32
 EOF , 2018 , EOF ,/tmp/work/a/a69abd64c146aa3dc2855a8eef31fc9b0a5f0220f701c1cb32a17afd055c9a61
 EOF , 2004 , EOF ,/tmp/work/a/a00ecffcb2f6daacf61b6d3e34a2f8911a2f72e2e3a57c08e3df491a0f0195b3
 EOF , 2019 , EOF ,/tmp/work/a/aef19fa88e7302298ed98bbc725de5922eb5a76a48d8fa7795a6fe02c76ad9bc
 EOF , , EOF ,/tmp/work/a/a2a186d2fc56529a6cc9662d46da7ce0f07600d7fdd49b9ede82f2a2243573b7
 EOF , 2019 , EOF ,/tmp/work/a/a3fe9e8c8aa5647655c4b2c1a1c38c1668d2d48ee815e17df2b25fce6d3cb30c
 EOF , 2012 , EOF ,/tmp/work/a/ad2d8300b242947925c96f211050dea99917ddfe9308c1325b785848f933dc61
 EOF , 2016 , EOF ,/tmp/work/a/a0566a136a923031322b83ea29b5e9fff5f74b52eb1a388105f39f3678d4c056
 EOF , 2015 2021 2020 2004 2019 , EOF ,/tmp/work/a/a778dbd50b952603a8f579db8b38629b36407c32cab1a9d522392678dc1f3889
 EOF , 2017 , EOF ,/tmp/work/a/ac0a8909f60d78d1066d34293a1b7c9f74f5ae7f809f43af9c1fad12b6fb0c70
 EOF , 2007 , EOF ,/tmp/work/a/a2622b6163538c3a82b973dd046aa8cdbae7697367e754cc01a9ff67050ab15a
 EOF , 2015 , EOF ,/tmp/work/a/a1949e433c01f3eef31c6a1e5c89f19eff6c3e0b37189b91bb4da5879c58088a
 EOF , 2006 , EOF ,/tmp/work/a/a07208fb6fafe0aeeff292dae58c14565581a4128d5c3fcb24e9c1bfae4ba08b
 EOF , , EOF ,/tmp/work/a/a07c8cbb95bec13a2f4e439a17bee92a3f9fb3679fc74391a8326adc3680738d
 EOF , 2015 , EOF ,/tmp/work/a/a98b24842d26de47f9e6fd4b1cf861558c2fe966a0a2e7d85ae8d49ae2ce153c
 EOF , 2017 , EOF ,/tmp/work/a/ada400bddadae220124b2aa0bfc9277eaf157a899ef9c81a0e2a081a625468df
 EOF , 2017 , EOF ,/tmp/work/a/a5439022e5b5d6b75e1fb7807447ca9cc9b2c3d12f41fcff94b873983b1bfaf2
